nome,indirizzo,CAP,comune,provincia,lat_comune,lon_comune
Golf Parco dei Colli,"Via Luino, 8",24129,Bergamo,BG,45.6944,9.6684
Borgo Machetto Desenzano C. Club,"Via Machetto, 1",25015,Desenzano del Garda,BS,45.4686,10.5416
Ctl 3,"Via Manzoni, 3",20886,Cavenago di Brianza,MB,45.5853,9.4149
Circolo Golf Torino-La Mandria,Via Agnelli 40,10070,Fiano,TO,45.2181,7.5198
Albatros Indoor,"Via Cascina Nuova, 27",13875,Ponderano,BI,45.5386,8.0568
Bollina,"Via Monterotondo, 58",15069,Serravalle Scrivia,AL,44.7195,8.859
Le Rosine,"Strada del Gerbido, 97",10095,Grugliasco,TO,45.0621,7.5778
Piandisole,"Via Pineta, 1",28818,Premeno,VB,45.9771,8.5915
Golf 2.0,"Via della Ceramica, 9",36100,Vicenza,VI,45.5475,11.546
Terre di Canossa,"Via del Casinazzo, 1 - Loc. San Bartolomeo",42123,Reggio nell'Emilia,RE,44.6974,10.6301
Bellator Hernicus,Via Casilina Km 72,03013,Ferentino,FR,41.6923,13.2528
Talenti,"Via Paolo Monelli, 42",00137,Roma,RM,41.8928,12.4837
Terra Sancti,Via Solfegna Cantoni snc,03043,Cassino,FR,41.4927,13.8301
Isernia,"S.P. 627 Km 73,450 - Loc. Zio Carlo",86170,Isernia,IS,41.588,14.2258
Abano,Via Carabinieri snc,35031,Abano Terme,PD,45.3594,11.7887
Abbadia,Loc. La Badia 14/A,53034,Colle di Val d'Elsa,SI,43.4212,11.1178
Acaya,Loc. Masseria S. Pietro - Str. Prov. Life km 5,73029,Vernole,LE,40.2885,18.2987
Acquabona,Loc. Acquabona - Strada del Golf 8,57037,Portoferraio,LI,42.8153,10.3312
Adriatic Golf Club Cervia,Via Jelenia Gora 6,48015,Cervia,RA,44.2609,12.3498
Alisei Pietrasanta,Via Spirito Santo 30 - Loc. La Sparta,55045,Pietrasanta,LU,43.9596,10.2277
Alpe della Luna,Via Taramone 2,61040,Borgo Pace,PU,43.6582,12.2946
Alpino,Viale Golf Panorama 48 - Vezzo,28839,Stresa,VB,45.8839,8.5407
Alta Badia,Strada Planac 9,39033,Corvara in Badia,BZ,46.5529,11.8745
Altogarda,Loc. San Tommaso,38066,Riva del Garda,TN,45.885,10.8389
Ambrosiano Golf Club,Cascina Bertacca snc,20080,Bubbiano,MI,45.3273,9.0134
Ancora,Via Armando Diaz 122,30020,Meolo,VE,45.619,12.4527
Antico Borgo Camuzzago,Via del Borgo 6,20882,Bellusco,MB,45.6186,9.4178
Antognolla,Str. S. Giovanni del Pantano - Loc. Antognolla,06133,Perugia,PG,43.1068,12.3882
Aosta Arsanieres,Frazione Arsanieres,11010,Gignod,AO,45.7783,7.2962
Aosta Brissogne,Località Les Iles 3,11020,Brissogne,AO,45.7272,7.4046
Appiano - Golf & Country,Via Carezza 171,39056,Nova Levante,BZ,46.4298,11.5356
Aprica Orobie Golf Club,Corso Roma 150 - Loc. Sondellini,23031,Aprica,SO,46.1533,10.1521
Archi di Claudio,Via Gamiana 45,00178,Roma,RM,41.8928,12.4837
Argenta,Via Poderi 2/A,44011,Argenta,FE,44.6144,11.837
Argentario Golf,Via Acquedotto Leopoldino snc - Porto Ercole,58018,Monte Argentario,GR,42.4392,11.1158
Arona,Via in Prè,28048,Borgo Ticino,NO,45.6881,8.6039
Arzaga Golf Club,Via Arzaga 1,25080,Calvagese della Riviera,BS,45.5392,10.446
Asiago,Via Meltar 2,36012,Asiago,VI,45.8757,11.5091
Asolo Golf Club,Via dei Borghi 1,31034,Cavaso del Tomba,TV,45.8603,11.8952
Assisi,Via S. Bernardino da Siena 116 - S.M. Angeli,06081,Assisi,PG,43.0708,12.6154
Avio 2.0,Via Piane 10,63833,Montegiorgio,FM,43.13,13.5378
Bagnaia,SS 223 Siena-Grosseto km 56 - Loc. Bagnaia,53016,Murlo,SI,43.1685,11.3911
Barialto,SS 100 km 18,70010,Casamassima,BA,40.9554,16.9181
Barlassina Country Club,Via Privata Golf 42,20823,Lentate sul Seveso,MB,45.6782,9.1192
Bat Fly,Contrada Pantaniello snc,76121,Barletta,BT,41.3196,16.2772
Bellosguardo,Via Prov.le di Mercatale 25,50059,Vinci,FI,43.7871,10.9265
Biella Betulle,Regione Valcarrozza 2,13887,Magnano,BI,45.4627,8.0051
Bosco,Via Madonna della Salute 7,31046,Oderzo,TV,45.7809,12.4931
Botanic Sa Cuba,"SS 199 km 54,2 - Loc. Sa Cuba",07026,Olbia,SS,40.9232,9.5049
Boves,Via degli Angeli 3 - Fraz. Mellana,12012,Boves,CN,44.3298,7.552
Break Point,Località Maso Grillo 4,38057,Pergine Valsugana,TN,46.0603,11.2405
Bresciagolf Country Club,Via Stretta 48,25128,Brescia,BS,45.5399,10.2191
Brolo,Via Colbacchini 2,36061,Bassano del Grappa,VI,45.7671,11.7342
CUS Ferrara,Via Gramicia 41,44123,Ferrara,FE,44.836,11.6187
CUS Parma,Parco Area delle Scienze 105/A,43124,Parma,PR,44.8011,10.3283
Ca' Amata,Via Loreggia di Salvarosa 44,31033,Castelfranco Veneto,TV,45.6714,11.9264
Ca' Moro Punto Due,Loc. Casa Corvi,54027,Pontremoli,MS,44.3774,9.8829
Ca' Ulivi,Via Ghiandare 2,37010,Costermano sul Garda,VR,45.5866,10.7385
Ca' Vendri,Via Pantheon 86-88,37142,Verona,VR,45.4384,10.9935
Campo Pratica Golf Monza,Via Giovanni Falcone 15,20835,Muggiò,MB,45.5937,9.2296
Campo Pratica Orsini,Via Bruno Buozzi 4/C,20068,Peschiera Borromeo,MI,45.4318,9.3111
Cansiglio,Pian del Cansiglio,32010,Tambre,BL,46.1293,12.4231
Caorle,Viale Altanea 201,30021,Caorle,VE,45.598,12.8876
Capanne,Via Aurelia km 273,57020,Bibbona,LI,43.2694,10.5982
Casal Palocco,Via Niceneto 2/4,00124,Roma,RM,41.8928,12.4837
Casalunga,Via Ca' Belfiore 8,40055,Castenaso,BO,44.5089,11.4688
Casentino,Via Fronzola 6,52014,Poppi,AR,43.7245,11.7653
Cassino,Via Solfegna Cantoni,03043,Cassino,FR,41.4927,13.8301
Castelconturbia,Via Castelconturbia 10,28010,Agrate Conturbia,NO,45.676,8.5599
Castello,Vocabolo Palazzo Rossi,06055,Marsciano,PG,42.9102,12.3395
Cavaglià,Via Santhià 75,13881,Cavaglià,BI,45.4058,8.0935
Cervia,Via Jelenia Gora 6,48015,Cervia,RA,44.2609,12.3498
Cervino,Via Circonvallazione 18,11028,Valtournenche,AO,45.8771,7.6227
Chervò Golf San Vigilio,Località San Vigilio,25010,Pozzolengo,BS,45.4029,10.6271
Ciliegi,Strada Valle Sauglio 130,10020,Pecetto Torinese,TO,45.0196,7.7487
Cingoli,Via Botontano 61 - Fattoria Castiglioni,62011,Cingoli,MC,43.3743,13.2165
Circolo Golf Bogogno,Via Sant'Isidoro 1,28010,Bogogno,NO,45.6672,8.5345
Circolo Golf Napoli,Via Campiglione 11 - Arco Felice,80078,Pozzuoli,NA,40.8468,14.0909
Circolo Golf Rapallo,Via Mameli 377,16035,Rapallo,GE,44.3502,9.2317
Circolo Golf Roma Acquasanta,Via Appia Nuova 716/A,00178,Roma,RM,41.8928,12.4837
Circolo Golf Venezia,Strada Vecchia 1,30126,Venezia,VE,45.4349,12.3385
Circolo Golf Villa d'Este,Via Cantù 13,22030,Montorfano,CO,45.7854,9.1445
Circolo Golf degli Ulivi Sanremo,Strada Campo Golf 59,18038,Sanremo,IM,43.821,7.7846
Circolo del Golf Ugolino,Via Chiantigiana per Strada 3,50023,Impruneta,FI,43.6857,11.2544
Città d'Asti,Recinto San Rocco 5,14100,Asti,AT,44.8991,8.2041
Claviere,Via Nazionale 45,10050,Claviere,TO,44.9386,6.7493
Club Giardino,SS 468 Motta 39,41012,Carpi,MO,44.7825,10.8853
Colli Euganei,Via Bosco 21,35030,Cervarese Santa Croce,PD,45.4029,11.6919
Colonnetti,Via M. Panetti 30,10127,Torino,TO,45.0733,7.6807
Conero,Via Betelico 6,60020,Sirolo,AN,43.526,13.616
Continental Verbania,Via 42 Martiri - SS 34 del Lago Maggiore,28924,Verbania,VB,45.9214,8.5511
Cortina,Località Fraina 14/15,32043,Cortina d'Ampezzo,BL,46.5367,12.1385
Cosmopolitan,Via delle Eriche 133 - Tirrenia,56128,Pisa,PI,43.7155,10.4013
Cossato,Via Mino 46,13836,Cossato,BI,45.5701,8.1806
Courmayeur,Loc. Le Pont - Val Ferret,11013,Courmayeur,AO,45.793,6.9721
Croara,Strada Prov.le 28 - Loc. Croara,29010,Gazzola,PC,44.9593,9.5471
Daunia,Tenuta S. Lucia - Contrada Posta Tuori - SS 89 km 180,71013,San Giovanni Rotondo,FG,41.7078,15.7266
Des Iles Borromées,Località Motta Rossa 1,28833,Brovello-Carpugnino,VB,45.8427,8.5332
Dolomiti Golf Club,Località Centro Sport Verde 1,38011,Sarnonico,TN,46.42,11.1414
Druento,Strada della Barra 21,10040,Druento,TO,45.1347,7.5762
Ducato,Via Campi 8,43038,Sala Baganza,PR,44.7155,10.2282
Easy Golf,Via Sogare 13,37138,Verona,VR,45.4384,10.9935
European Golf Club Ispra,Via Esperia 467,21027,Ispra,VA,45.8162,8.6103
Faenza Cicogne,Via S. Orsola 10/E,48018,Faenza,RA,44.2854,11.8828
Fioranello,Via della Falcognana 61,00134,Roma,RM,41.8928,12.4837
Firenze Ugolino,Via Chiantigiana per Strada 3,50023,Impruneta,FI,43.6857,11.2544
Fiuggi 1928,S.S. Anticolana snc,03014,Fiuggi,FR,41.8043,13.2212
Florinas,Località Cantaruena snc,07030,Florinas,SS,40.6479,8.6657
Folgaria,Maso Spilzi - Fraz. Costa,38064,Folgaria,TN,45.9166,11.1701
Forte dei Marmi,Via della Sipe 100,55045,Pietrasanta,LU,43.9596,10.2277
Franciacorta Golf Club,Via Provinciale 34/B,25040,Corte Franca,BS,45.6372,10.007
Frassanelle,Via Rialto 5/A,35030,Rovolon,PD,45.3858,11.6522
Fronde,Via Sant'Agostino 68,10051,Avigliana,TO,45.0794,7.3963
GGZ - Zerman,Via Malombra 4/B - Loc. Zerman,31021,Mogliano Veneto,TV,45.5616,12.2365
Gardagolf Country Club,Via Angelo Omodeo 2,25080,Soiano del Lago,BS,45.5367,10.5136
Garessio,Viale Marro 15,12075,Garessio,CN,44.1973,8.0299
Garfagnana,Loc. Braccicorti - Pontecosi,55036,Pieve Fosciana,LU,44.1306,10.4107
Garlenda Golf Club,Via del Golf 7,17033,Garlenda,SV,44.0336,8.0968
Girasoli,Via Pralormo 315,10022,Carmagnola,TO,44.8465,7.7182
Globale Jesolo,Via St Andrews 2,30016,Jesolo,VE,45.5335,12.6365
Golf Brianza Country Club,Loc. Cascina Cazzù 4,20865,Usmate Velate,MB,45.6507,9.3615
Golf Ca' della Nave,Piazza della Vittoria 14,30030,Martellago,VE,45.5461,12.1599
Golf Club Airone,Strada Casalmoro 20,46042,Castel Goffredo,MN,45.298,10.4746
Golf Club Arenzano La Pineta,Piazza del Golf 2,16011,Arenzano,GE,44.4018,8.6823
Golf Club Bergamo L'Albenza,Via Longoni 12,24030,Almenno San Bartolomeo,BG,45.7483,9.5783
Golf Club Bogliaco,Via del Golf 21,25088,Toscolano Maderno,BS,45.6417,10.6062
Golf Club Bologna,Via Sabattini 69,40050,Monte San Pietro,BO,44.4578,11.1997
Golf Club Bormio,Via Giustizia snc,23032,Bormio,SO,46.4702,10.3756
Golf Club Carimate,Via Airoldi 2,22060,Carimate,CO,45.7027,9.1153
Golf Club Castelfalfi,Località Castelfalfi,50050,Montaione,FI,43.5523,10.9123
Golf Club Castellaro,Strada per i Piani 1,18011,Castellaro,IM,43.8647,7.8683
Golf Club Castello di Tolcinasco,Località Tolcinasco,20072,Pieve Emanuele,MI,45.3512,9.1997
Golf Club Centanni,Via di Centanni 8,50012,Bagno a Ripoli,FI,43.7514,11.3194
Golf Club Cherasco,Via Fraschetta 8,12062,Cherasco,CN,44.6522,7.8582
Golf Club Colli Berici,Str. Monti Comunali,36040,Brendola,VI,45.4694,11.4552
Golf Club Colline del Gavi,Località Fara Nuova 7,15060,Tassarolo,AL,44.7266,8.7695
Golf Club Como,Via Roma 37,22070,Guanzate,CO,45.7243,9.0109
Golf Club Grado,Via Monfalcone 27,34073,Grado,GO,45.6755,13.3865
Golf Club Lanzo,Loc. Piano delle Noci,22024,Alta Valle Intelvi,CO,45.98,9.03
Golf Club Lazzate,Via Vittorio Emanuele 150,20824,Lazzate,MB,45.6688,9.0842
Golf Club Le Betulle,Regione Valcarrozza 2,13887,Magnano,BI,45.4627,8.0051
Golf Club Le Fonti,Viale Terme 1800,40024,Castel San Pietro Terme,BO,44.3981,11.5892
Golf Club Le Robinie,Via per Busto Arsizio 9,21058,Solbiate Olona,VA,45.6536,8.8873
Golf Club Le Rovedine,Via Karl Marx 18,20090,Opera,MI,45.3779,9.2115
Golf Club Lecco,Frazione Pizzighettone 1,23841,Annone di Brianza,LC,45.8052,9.331
Golf Club Lignano,Via Casa Bianca 6,33054,Lignano Sabbiadoro,UD,45.6883,13.1298
Golf Club Madesimo,Via Innocenti De Giacomi 5,23024,Madesimo,SO,46.4282,9.3442
Golf Club Margara,Via Tenuta Margara 7,15043,Fubine Monferrato,AL,44.9656,8.4254
Golf Club Menaggio e Cadenabbia,Località Golf 1,22010,Grandola ed Uniti,CO,46.0313,9.2071
Golf Club Milano,Viale Mulini San Giorgio 7,20900,Monza,MB,45.5844,9.2736
Golf Club Mirasole,Via Karl Marx 16,20090,Opera,MI,45.3779,9.2115
Golf Club Montecampione,Via Legazzuolo di Montecampione snc,25040,Artogne,BS,45.8483,10.1645
Golf Club Monticello,Via A. Volta 63,22070,Cassina Rizzardi,CO,45.751,9.0304
Golf Club Petersberg,Petersberg - Unterwinkl 5,39050,Nova Ponente,BZ,46.4141,11.4256
Golf Club Ponte di Legno,Via Risorgimento 5,25056,Ponte di Legno,BS,46.2565,10.5115
Golf Club Pordenone,Via San Gregorio 5 - Loc. Castel d'Aviano,33081,Aviano,PN,46.0672,12.5882
Golf Club Punta Ala,Via del Golf 1 - Punta Ala,58043,Castiglione della Pescaia,GR,42.762,10.8788
Golf Club Salerno,Via Lago Trasimeno 11,84098,Pontecagnano Faiano,SA,40.643,14.8734
Golf Club Sappada,Via Palù 5,33012,Sappada,UD,46.567,12.688
Golf Club Serenissima,Via Serenissima 34 - Fraz. Bettole di Buffalora,25129,Castenedolo,BS,45.4714,10.3004
Golf Club Tarvisio,Via Priesnig 5,33018,Tarvisio,UD,46.5061,13.5733
Golf Club Varese,Via Vittorio Veneto 59,21020,Luvinate,VA,45.8396,8.7725
Golf Club Verona,Loc. Ca' del Sale 15,37066,Sommacampagna,VR,45.4071,10.8404
Golf Club Vigevano,Via Chitola 49,27029,Vigevano,PV,45.3176,8.8599
Golf Club Villa Carolina,Loc. Villa Carolina 32,15060,Capriata d'Orba,AL,44.73,8.6889
Golf Club Villa Paradiso,Via Villa Paradiso 12/A,20872,Cornate d'Adda,MB,45.6488,9.4639
Golf Club Volturno,"Via Domitiana km 35,300",81030,Castel Volturno,CE,41.0346,13.9409
Golf Club Zoate,Via Verdi 8,20067,Tribiano,MI,45.4042,9.3683
Golf Club il Colombaro,Via Colombaro 1,25087,Salò,BS,45.6071,10.5323
Golf Club il Laghetto,Via Lombardia 2,20068,Peschiera Borromeo,MI,45.4318,9.3111
Golf Club il Torrazzo Cremona,Via Castelleone 101 - Loc. S. Predengo,26100,Cremona,CR,45.1334,10.0242
Golf Club la Rossera,Via Montebello 4,24060,Chiuduno,BG,45.6469,9.8538
Golf Country Club Castello di Spessa,Via Spessa 14,34070,Capriva del Friuli,GO,45.9421,13.5146
Golf Crema Resort,Via Ombrianello 21,26013,Crema,CR,45.3633,9.6874
Golf San Vito,Via Marta Lodi 2/C,20083,Gaggiano,MI,45.4057,9.0345
Golf dei Laghi,Via Trevisani 926,21028,Travedona-Monate,VA,45.8057,8.6773
Golf della Montecchia,Via Montecchia 12,35030,Selvazzano Dentro,PD,45.3945,11.781
Golfino del Monzeglio,Via Mongini 919,21027,Ispra,VA,45.8162,8.6103
Green Club Lainate,Via Manzoni 45,20045,Lainate,MI,45.5715,9.0271
Gressoney,Via Villa Margherita 1,11025,Gressoney-Saint-Jean,AO,45.777,7.8276
Gubbio,Via Linosa 12,06024,Gubbio,PG,43.3535,12.5788
Harbour Club Milano,Via Cascina Bellaria 19,20153,Milano,MI,45.4668,9.1903
Hermitage,Località Biodola 1,57037,Portoferraio,LI,42.8153,10.3312
Idea Verde Golf Club,Via San Francesco 17,21057,Olgiate Olona,VA,45.6278,8.8908
Imola Zolino,Via Maria Zanotti 22,40026,Imola,BO,44.3531,11.7142
Is Arenas,Loc. Pineta Is Arenas,09070,Narbolia,OR,40.0477,8.575
Is Molas,Località Is Molas,09010,Pula,CA,39.0107,9.0008
Kavallotta Golf Academy,Via Case Sparse Santa Rita 6,28100,Novara,NO,45.4459,8.6219
La Castelluccia,Via G. A. Provana snc,00123,Roma,RM,41.8928,12.4837
La Colombera Golf Resort,Via Barussa 1,25030,Castrezzato,BS,45.5111,9.9767
La Pinetina Golf Club,Via al Golf 4 - Loc. La Pinetina,22070,Carbonate,CO,45.6851,8.9404
Lamborghini,Località Soderi 1,06064,Panicale,PG,43.0294,12.1006
Lana,Brandisweg 13,39011,Lana,BZ,46.6161,11.1453
Lauri,C.da San Giovanni 2,63062,Montefiore dell'Aso,AP,43.0516,13.7509
Limone,Frazione San Bernardo,12015,Limone Piemonte,CN,44.2013,7.5761
Livorno,Largo Christian Bartoli 7,57128,Livorno,LI,43.5523,10.3087
Madonna di Campiglio,Via Cima Tosa 15,38095,Tre Ville,TN,46.0545,10.7783
Mandria,Via A. De Gasperi snc,10040,Druento,TO,45.1347,7.5762
Mantova Golf Club,Via Colombina 60,46010,Curtatone,MN,45.1338,10.7163
Marco Polo,Via Luigino De Nadai 30,31029,Vittorio Veneto,TV,45.9899,12.2961
Marco Simone Golf & CC,Via di Marco Simone 84/88,00012,Guidonia Montecelio,RM,42.0001,12.7264
Mare di Roma,Via Enna 30,00040,Ardea,RM,41.6093,12.5454
Margherita,S.P. 134 Carmagnola-Pralormo 3,10046,Poirino,TO,44.9212,7.8436
Marina Velka,Via Olimpia snc,01016,Tarquinia,VT,42.2545,11.7582
Metaponto Golf Club,Contrada Pizzica,75010,Bernalda,MT,40.4082,16.6864
Mia,Via Clementina 12/A,60033,Camerata Picena,AN,43.5782,13.3528
Miglianico Golf & Country Club,Contrada Cerreto 120,66010,Miglianico,CH,42.3595,14.2915
Miniere,Località Valle del Pero 10/C,52022,Cavriglia,AR,43.5237,11.4891
Mirabella Golf Club,Contrada Corpo di Cristo,83036,Mirabella Eclano,AV,41.0414,14.9922
Modena Golf & Country Club,Via Castelnuovo Rangone 4,41043,Formigine,MO,44.576,10.8402
Molinetto Country Club,Strada Padana Superiore 1,20063,Cernusco sul Naviglio,MI,45.5242,9.335
Molino Pero,Via Molino del Pero 323,40036,Monzuno,BO,44.2768,11.2714
Moncalieri,Strada Vallere 20,10024,Moncalieri,TO,45.0009,7.6852
Monferrato,Strada Vialarda 3/F - Regione Torcello,15033,Casale Monferrato,AL,45.135,8.4526
Montebelluna,Via Carpen 24,31044,Montebelluna,TV,45.7761,12.0451
Montecatini Terme,Via dei Brogi 1652 - Loc. Pievaccia,51015,Monsummano Terme,PT,43.8716,10.8144
Montegiove,Strada Comunale di Montegiove snc,61032,Fano,PU,43.8434,13.0197
Montelupo,Via Fibbiana 4,50056,Montelupo Fiorentino,FI,43.7295,11.0208
Monteveglio,Via Barlete 52,40053,Valsamoggia,BO,44.5031,11.0804
Mora Bianca,"S.P. 2 km 1,500",09032,Assemini,CA,39.2896,9.0062
Mulino Cerrione,Via Libertà 37,13882,Cerrione,BI,45.4809,8.074
Musella,Via Verdi - Loc. Musella,37036,San Martino Buon Albergo,VR,45.4221,11.0931
Nazionale,"Via Cassia km 44,500",01015,Sutri,VT,42.242,12.2248
Nogherazza,Via Gresane 78,32100,Belluno,BL,46.1384,12.217
Noghere,Via Valentini 5,31025,Santa Lucia di Piave,TV,45.8492,12.2843
Oasi di Magliano-Fiordalisi,Via Maglianella 11/B,47121,Forlì,FC,44.2227,12.0407
Olgiata Golf Club,Largo Olgiata 15,00123,Roma,RM,41.8928,12.4837
Orti Golf Club,Via Municipio 32 - Loc. Ortì,89126,Reggio di Calabria,RC,38.1092,15.6435
Padova,Via Noiera 57 - Valsanzibio,35030,Galzignano Terme,PD,45.3086,11.7283
Palermo,Piazza Leoni 9,90143,Palermo,PA,38.1157,13.3624
Panorama Golf,Via Belmonte 169,21100,Varese,VA,45.817,8.8229
Paolillo Golf Players,Via Garziere 61,36014,Santorso,VI,45.7377,11.3887
Paradiso,Via Coppo 2/B,37014,Peschiera del Garda,VR,45.4391,10.6919
Parco Firenze,Via dell'Isolotto 10,50142,Firenze,FI,43.7692,11.2559
Parco de' Medici Golf Club,Viale Salvatore Rebecchini 37,00148,Roma,RM,41.8928,12.4837
Parco di Roma,Via dei Due Ponti 110,00189,Roma,RM,41.8928,12.4837
Passiria Merano,Via Kellerlahne 3,39015,San Leonardo in Passiria,BZ,46.8117,11.2433
Passo Monte Croce,Via S. Giuseppe 55,39030,Sesto,BZ,46.7021,12.3503
Pavoniere,Via Traversa il Crocifisso 13/50,59100,Prato,PO,43.8806,11.097
Perugia,Loc. S. Sabina snc,06132,Perugia,PG,43.1068,12.3882
Pevero,Via del Golf 20,07021,Arzachena,SS,41.0794,9.3885
Pian Colle,Loc. Pian del Colle,10052,Bardonecchia,TO,45.0782,6.7038
Pinerolo - Pragelato,Via Rohrbach 5 - Frazione Plan,10060,Pragelato,TO,45.0163,6.9423
Poggio dei Medici,Via San Gavino 27,50038,Scarperia e San Piero,FI,43.996,11.356
Poiano Garda,Via Fioria 7,37010,Costermano sul Garda,VR,45.5866,10.7385
Poli Golf,Strada Morane 361,41125,Modena,MO,44.646,10.9262
Ponte Cervo,Via Bora snc,13900,Biella,BI,45.5665,8.0541
Prato Nevoso,Via Corona Boreale 1,12083,Frabosa Sottana,CN,44.302,7.7983
Primule,Strada Prov. 90 per Rondissone,10035,Mazzè,TO,45.2985,7.937
Puntaldia,Loc. Punta Sabbatino snc,07052,San Teodoro,SS,40.7712,9.6719
Pustertal,Im Gelaende 15,39031,Brunico,BZ,46.7974,11.9373
Quarrata,Via O. Ceccarelli 375 - Loc. Barba,51039,Quarrata,PT,43.8476,10.9786
Quellenhof,Via Passiria 47,39010,San Martino in Passiria,BZ,46.7826,11.227
Rendena,Loc. Ischia 1,38080,Bocenago,TN,46.1184,10.7591
Rieti,Via Tavola d'Argento snc,02100,Rieti,RI,42.4049,12.8621
Rimini Verucchio,Via Molino Bianco 109,47826,Verucchio,RN,43.9837,12.4214
Riva Toscana,SP 152 Aurelia Vecchia km 47,58022,Follonica,GR,42.9226,10.7599
Riviera Golf,Via Conca Nuova 1236,47842,San Giovanni in Marignano,RN,43.939,12.7125
Romita,Via della Romita 11,05100,Terni,TR,42.5607,12.6467
Roncegno,Via Ferme snc,38050,Roncegno Terme,TN,46.051,11.4097
Rovereto,Viale Caproni 44,38068,Rovereto,TN,45.8865,11.0452
Rovigo,Via Cappello 12,45100,Rovigo,RO,45.0711,11.7901
Royal Golf La Bagnaia,SS 223 Siena-Grosseto km 56 - Loc. Bagnaia,53016,Murlo,SI,43.1685,11.3911
Royal Park I Roveri,Rotta Cerbiatta 24,10070,Fiano,TO,45.2181,7.5198
Royal Park Roveri,Rotta Cerbiatta 24,10070,Fiano,TO,45.2181,7.5198
Rudis,Contr. Trifana - Vecchia Casarano-Taviano,73040,Melissano,LE,39.9735,18.1236
Salice Terme Golf e Country,Via Diviani 8,27055,Rivanazzano Terme,PV,44.9305,9.0164
Salici 2.0,Strada del Nascimben 1/B,31100,Treviso,TV,45.6675,12.2451
Salsomaggiore Terme,Località Case Carancini 105/A,43039,Salsomaggiore Terme,PR,44.8157,9.9781
Saluzzo,Via Morra 12-14,12037,Saluzzo,CN,44.647,7.4908
San Domenico - Egnazia,Frazione Savelletri - Strada Comunale Egnazia,72015,Fasano,BR,40.8344,17.359
San Donato Golf,P.zza della Chiesa snc - Loc. Santi,67100,L'Aquila,AQ,42.3512,13.3984
San Giovanni,Strada Piane 4,10010,Torre Canavese,TO,45.3918,7.7605
San Marino,Str. Quinta Gualdaria - Loc. Ca' Montanaro,47893,Rimini,RN,44.0609,12.5656
San Martino,Via Poggino 15 - Loc. San Martino,56038,Ponsacco,PI,43.6202,10.6336
San Michele Golf Club,Località Bosco 8/9,87022,Cetraro,CS,39.5162,15.943
San Valentino,Via Telarolo 12,42014,Castellarano,RE,44.5096,10.7306
Santa Maria Maggiore,Via Pineta,28857,Santa Maria Maggiore,VB,46.1351,8.4669
Santo Stefano Golf,Via Vettigano 26,42012,Campagnola Emilia,RE,44.8413,10.7592
Sassari,Via Rockefeller 59,07100,Sassari,SS,40.7267,8.5597
Saturnia,S.P. della Follonata - Fraz. Saturnia,58014,Manciano,GR,42.5873,11.5155
Savigliano,Via Solerette 11,12038,Savigliano,CN,44.648,7.6575
Serra,Strada Astigliano 42,15048,Valenza,AL,45.0145,8.6462
Sestrieres,Piazza Agnelli 4,10058,Sestriere,TO,44.9576,6.8766
Settimo,Strada Cebrosa 166,10036,Settimo Torinese,TO,45.137,7.7712
Sibilla,Via San Marco 30,62014,Petriolo,MC,43.221,13.4656
Sicilia's Picciolo,SS 120 km 200,95012,Castiglione di Sicilia,CT,37.8827,15.1224
Siepelunga,Via Siepelunga 56/4,40141,Bologna,BO,44.4944,11.3417
Sinis,Viale Repubblica snc,09170,Oristano,OR,39.9038,8.5912
Sodole,Via delle Sodole 1,56025,Pontedera,PI,43.6639,10.636
St. Vigil Seis,San Vigilio 20 - Fraz. Siusi,39040,Castelrotto,BZ,46.5678,11.5595
Stupinigi,C.so Unione Sovietica 506/A,10135,Torino,TO,45.0733,7.6807
Tanka Villasimius,Via degli Oleandri 4,09049,Villasimius,CA,39.1424,9.5204
Tauriana Golf Club,Contrada Fracà,89015,Palmi,RC,38.3574,15.8498
Tenuta Castello,Via Libertà 34,13882,Cerrione,BI,45.4809,8.074
Termoli,Contrada Pozzo Pisano 1,86039,Termoli,CB,42.0027,14.9955
Terni,Strada di Vallantica,05029,San Gemini,TR,42.6134,12.5462
Terre dei Consoli,Via Terre dei Consoli 1,01030,Monterosi,VT,42.1956,12.3099
Tesino,Località Coldanè,38050,Pieve Tesino,TN,46.069,11.6106
Tevere Tirrenia,Via del Baiardo 390,00189,Roma,RM,41.8928,12.4837
Tiber 23,Via del Mare 1050,00127,Roma,RM,41.8928,12.4837
Ticino Golf Club,Via Sora 20,27100,Pavia,PV,45.1851,9.1602
Tirrenia,Via San Guido snc,56128,Pisa,PI,43.7155,10.4013
Torino,Via Agnelli 40,10070,Fiano,TO,45.2181,7.5198
Torre Ronchi,Via Pollino 42 - Fraz. Ronchi,12100,Cuneo,CN,44.3933,7.5512
Torrenova,Contrada Torrenova 30,62018,Potenza Picena,MC,43.3663,13.6203
Toscana,Loc. Il Pelagone,58023,Gavorrano,GR,42.9252,10.9057
Trieste Golf Club,Località Padriciano 80,34149,Trieste,TS,45.6494,13.7681
Udine Golf Club,Via dei Faggi 1,33034,Fagagna,UD,46.1133,13.0839
Val Fassa,Via Dolomiti 33,38032,Canazei,TN,46.4768,11.7713
Val Venosta,Via Nuova 1,39026,Prato allo Stelvio,BZ,46.6176,10.5896
Val d'Ayas,Loc. Villy - Fraz. Champoluc,11020,Ayas,AO,45.814,7.6882
Valdichiana,Loc. Esse Secco,53048,Sinalunga,SI,43.2124,11.7361
Valle Umbra,Località Ponte Custode,06038,Spello,PG,42.9925,12.6713
Valle d'Aosta,Loc. Teppe - Villaggio Clou 29,11020,Quart,AO,45.7407,7.4156
Valle d'Oro,Strada Vicinale del Prataccione 11 - Loc. Giardino,58015,Orbetello,GR,42.4374,11.2094
Valpescara Golf Club,Via Treste snc - Loc. Brecciarola,66100,Chieti,CH,42.351,14.1675
Valtellina Golf Club,Via Valeriana 29/A,23010,Caiolo,SO,46.1523,9.8171
Varvarusa,Frazione Valle - Loc. Varvarusa,86074,Filignano,IS,41.5451,14.0563
Verdura,Strada Statale 115 km 131,92019,Sciacca,AG,37.5078,13.0829
Vicenza,Via Carpaneda 5/B,36051,Creazzo,VI,45.5319,11.4789
Vigne,Via Casella 34 - Loc. Pozzomoretto,37069,Villafranca di Verona,VR,45.3508,10.8467
Villa Condulmer Golf Club,Via della Croce 3,31021,Mogliano Veneto,TV,45.5616,12.2365
Villa Giusti,Loc. Guastalla Nuova 10,37060,Sona,VR,45.434,10.8327
Village,Viale Scarfiotti 12,62017,Porto Recanati,MC,43.4298,13.6649
Vipiteno,Piazza Città 3,39049,Vipiteno,BZ,46.898,11.4318
Virginia Country Golf Club,Via A. De Gasperi 20/B,22070,Appiano Gentile,CO,45.735,8.9795
Viterbo,Strada Valore snc,01100,Viterbo,VT,42.4174,12.1047
Z'Makana,Via Chiesa Vecchia 7,28876,Macugnaga,VB,45.9686,7.9678
